case_id,family,route,state_id,prior,posterior
TAC001,reference,Laplace,00,0.25,0.17834876255820808
TAC001,reference,Laplace,01,0.25,0.24514858353790867
TAC001,reference,Laplace,10,0.25,0.27552533811910734
TAC001,reference,Laplace,11,0.25,0.30097731578477604
TAC001,reference,GHQ,00,0.25,0.17845408669459265
TAC001,reference,GHQ,01,0.25,0.2451262278671426
TAC001,reference,GHQ,10,0.25,0.27551108171059946
TAC001,reference,GHQ,11,0.25,0.300908603727665
TAC001,reference,NONMEM,00,0.25,0.17834886189713192
TAC001,reference,NONMEM,01,0.25,0.24514831594339556
TAC001,reference,NONMEM,10,0.25,0.2755254697024468
TAC001,reference,NONMEM,11,0.25,0.30097735245702584
TAC002,model_variability,Laplace,00,0.25,0.25016214266521136
TAC002,model_variability,Laplace,01,0.25,0.2629911759489522
TAC002,model_variability,Laplace,10,0.25,0.2620039547379531
TAC002,model_variability,Laplace,11,0.25,0.22484272664788327
TAC002,model_variability,GHQ,00,0.25,0.25028670100705264
TAC002,model_variability,GHQ,01,0.25,0.2629028057832559
TAC002,model_variability,GHQ,10,0.25,0.2620550170297028
TAC002,model_variability,GHQ,11,0.25,0.2247554761799888
TAC002,model_variability,NONMEM,00,0.25,0.2501621568985373
TAC002,model_variability,NONMEM,01,0.25,0.26299120658297365
TAC002,model_variability,NONMEM,10,0.25,0.2620037748402603
TAC002,model_variability,NONMEM,11,0.25,0.22484286167822892
TAC003,model_variability,Laplace,00,0.25,0.12780405098252226
TAC003,model_variability,Laplace,01,0.25,0.22120550070327372
TAC003,model_variability,Laplace,10,0.25,0.277310384809622
TAC003,model_variability,Laplace,11,0.25,0.373680063504582
TAC003,model_variability,GHQ,00,0.25,0.12790842140570838
TAC003,model_variability,GHQ,01,0.25,0.22126073786171194
TAC003,model_variability,GHQ,10,0.25,0.27721513287104727
TAC003,model_variability,GHQ,11,0.25,0.37361570786153236
TAC003,model_variability,NONMEM,00,0.25,0.1278039963649729
TAC003,model_variability,NONMEM,01,0.25,0.2212054865721976
TAC003,model_variability,NONMEM,10,0.25,0.27731042366792585
TAC003,model_variability,NONMEM,11,0.25,0.3736800933949035
TAC004,model_variability,Laplace,00,0.25,0.17609494524130334
TAC004,model_variability,Laplace,01,0.25,0.24469611731988794
TAC004,model_variability,Laplace,10,0.25,0.27499636739195266
TAC004,model_variability,Laplace,11,0.25,0.30421257004685603
TAC004,model_variability,GHQ,00,0.25,0.17625733854415557
TAC004,model_variability,GHQ,01,0.25,0.24474553224260429
TAC004,model_variability,GHQ,10,0.25,0.2749732269435494
TAC004,model_variability,GHQ,11,0.25,0.3040239022696906
TAC004,model_variability,NONMEM,00,0.25,0.17609487309290983
TAC004,model_variability,NONMEM,01,0.25,0.24469568672117972
TAC004,model_variability,NONMEM,10,0.25,0.27499658118221065
TAC004,model_variability,NONMEM,11,0.25,0.3042128590036998
TAC005,model_variability,Laplace,00,0.25,0.18058443347655861
TAC005,model_variability,Laplace,01,0.25,0.2456400015081848
TAC005,model_variability,Laplace,10,0.25,0.2760247565783265
TAC005,model_variability,Laplace,11,0.25,0.2977508084369298
TAC005,model_variability,GHQ,00,0.25,0.18060811258021245
TAC005,model_variability,GHQ,01,0.25,0.2455180938801351
TAC005,model_variability,GHQ,10,0.25,0.27602550330414727
TAC005,model_variability,GHQ,11,0.25,0.2978482902355054
TAC005,model_variability,NONMEM,00,0.25,0.18058443841569355
TAC005,model_variability,NONMEM,01,0.25,0.2456399905545397
TAC005,model_variability,NONMEM,10,0.25,0.27602478618685977
TAC005,model_variability,NONMEM,11,0.25,0.2977507848429069
TAC006,model_variability,Laplace,00,0.25,0.1740733255266186
TAC006,model_variability,Laplace,01,0.25,0.24023077267738455
TAC006,model_variability,Laplace,10,0.25,0.2775293207844581
TAC006,model_variability,Laplace,11,0.25,0.30816658101153865
TAC006,model_variability,GHQ,00,0.25,0.1740155161397442
TAC006,model_variability,GHQ,01,0.25,0.24006724034257423
TAC006,model_variability,GHQ,10,0.25,0.2775673165099747
TAC006,model_variability,GHQ,11,0.25,0.3083499270077065
TAC006,model_variability,NONMEM,00,0.25,0.17407328598224167
TAC006,model_variability,NONMEM,01,0.25,0.24023078768213343
TAC006,model_variability,NONMEM,10,0.25,0.27752925682822616
TAC006,model_variability,NONMEM,11,0.25,0.30816666950739885
TAC007,model_variability,Laplace,00,0.25,0.1812361128680679
TAC007,model_variability,Laplace,01,0.25,0.24822026989059776
TAC007,model_variability,Laplace,10,0.25,0.2750072779721031
TAC007,model_variability,Laplace,11,0.25,0.29553633926923134
TAC007,model_variability,GHQ,00,0.25,0.18146110700651277
TAC007,model_variability,GHQ,01,0.25,0.24830139207221152
TAC007,model_variability,GHQ,10,0.25,0.27493639398342623
TAC007,model_variability,GHQ,11,0.25,0.2953011069378492
TAC007,model_variability,NONMEM,00,0.25,0.18123608693562981
TAC007,model_variability,NONMEM,01,0.25,0.24822018778150506
TAC007,model_variability,NONMEM,10,0.25,0.275007239284874
TAC007,model_variability,NONMEM,11,0.25,0.2955364859979911
TAC008,model_variability,Laplace,00,0.25,0.1579189247688896
TAC008,model_variability,Laplace,01,0.25,0.24207750989319474
TAC008,model_variability,Laplace,10,0.25,0.2828439521012154
TAC008,model_variability,Laplace,11,0.25,0.3171596132367004
TAC008,model_variability,GHQ,00,0.25,0.15806406908125295
TAC008,model_variability,GHQ,01,0.25,0.242132509665891
TAC008,model_variability,GHQ,10,0.25,0.2827150983705355
TAC008,model_variability,GHQ,11,0.25,0.31708832288232053
TAC008,model_variability,NONMEM,00,0.25,0.15791897977234945
TAC008,model_variability,NONMEM,01,0.25,0.24207734590634464
TAC008,model_variability,NONMEM,10,0.25,0.2828440832486004
TAC008,model_variability,NONMEM,11,0.25,0.3171595910727056
TAC009,model_variability,Laplace,00,0.25,0.19230931616856015
TAC009,model_variability,Laplace,01,0.25,0.24644029453930902
TAC009,model_variability,Laplace,10,0.25,0.2707372688459838
TAC009,model_variability,Laplace,11,0.25,0.2905131204461472
TAC009,model_variability,GHQ,00,0.25,0.19237702903558582
TAC009,model_variability,GHQ,01,0.25,0.2463684000744356
TAC009,model_variability,GHQ,10,0.25,0.2707933914228996
TAC009,model_variability,GHQ,11,0.25,0.290461179467079
TAC009,model_variability,NONMEM,00,0.25,0.19230931476535038
TAC009,model_variability,NONMEM,01,0.25,0.24644022971050739
TAC009,model_variability,NONMEM,10,0.25,0.27073729542280767
TAC009,model_variability,NONMEM,11,0.25,0.2905131601013347
TAC010,model_variability,Laplace,00,0.25,0.17846679478926
TAC010,model_variability,Laplace,01,0.25,0.24440075477307552
TAC010,model_variability,Laplace,10,0.25,0.279806785662691
TAC010,model_variability,Laplace,11,0.25,0.29732566477497363
TAC010,model_variability,GHQ,00,0.25,0.178613176706608
TAC010,model_variability,GHQ,01,0.25,0.24443109427775114
TAC010,model_variability,GHQ,10,0.25,0.27973700834708487
TAC010,model_variability,GHQ,11,0.25,0.29721872066855576
TAC010,model_variability,NONMEM,00,0.25,0.1784668016873159
TAC010,model_variability,NONMEM,01,0.25,0.2444007838904544
TAC010,model_variability,NONMEM,10,0.25,0.27980682593490663
TAC010,model_variability,NONMEM,11,0.25,0.297325588487323
TAC011,model_variability,Laplace,00,0.25,0.17858432353128367
TAC011,model_variability,Laplace,01,0.25,0.24625736563229017
TAC011,model_variability,Laplace,10,0.25,0.27216089496785206
TAC011,model_variability,Laplace,11,0.25,0.30299741586857415
TAC011,model_variability,GHQ,00,0.25,0.17867387295301773
TAC011,model_variability,GHQ,01,0.25,0.24621326119076817
TAC011,model_variability,GHQ,10,0.25,0.2721778622163212
TAC011,model_variability,GHQ,11,0.25,0.30293500363989273
TAC011,model_variability,NONMEM,00,0.25,0.17858445392383065
TAC011,model_variability,NONMEM,01,0.25,0.24625709710331256
TAC011,model_variability,NONMEM,10,0.25,0.2721609087646928
TAC011,model_variability,NONMEM,11,0.25,0.3029975402081641
TAC012,model_variability,Laplace,00,0.25,0.17803661168524942
TAC012,model_variability,Laplace,01,0.25,0.24517890784284732
TAC012,model_variability,Laplace,10,0.25,0.27478274159302074
TAC012,model_variability,Laplace,11,0.25,0.30200173887888265
TAC012,model_variability,GHQ,00,0.25,0.17814827709811426
TAC012,model_variability,GHQ,01,0.25,0.2451669824586144
TAC012,model_variability,GHQ,10,0.25,0.27476625367692636
TAC012,model_variability,GHQ,11,0.25,0.30191848676634514
TAC012,model_variability,NONMEM,00,0.25,0.1780366731906361
TAC012,model_variability,NONMEM,01,0.25,0.2451789226201859
TAC012,model_variability,NONMEM,10,0.25,0.27478283319747493
TAC012,model_variability,NONMEM,11,0.25,0.3020015709917031
TAC013,model_variability,Laplace,00,0.25,0.17883020477508868
TAC013,model_variability,Laplace,01,0.25,0.24511184505542324
TAC013,model_variability,Laplace,10,0.25,0.2767088768558962
TAC013,model_variability,Laplace,11,0.25,0.2993490733135917
TAC013,model_variability,GHQ,00,0.25,0.17892369532031344
TAC013,model_variability,GHQ,01,0.25,0.24507193192828025
TAC013,model_variability,GHQ,10,0.25,0.2766987202536824
TAC013,model_variability,GHQ,11,0.25,0.29930565249772406
TAC013,model_variability,NONMEM,00,0.25,0.17883014451821097
TAC013,model_variability,NONMEM,01,0.25,0.24511169590637016
TAC013,model_variability,NONMEM,10,0.25,0.2767088998438054
TAC013,model_variability,NONMEM,11,0.25,0.29934925973161336
TAC014,model_variability,Laplace,00,0.25,0.14437790335886347
TAC014,model_variability,Laplace,01,0.25,0.24495583914156102
TAC014,model_variability,Laplace,10,0.25,0.2885524087534551
TAC014,model_variability,Laplace,11,0.25,0.32211384874612037
TAC014,model_variability,GHQ,00,0.25,0.144586562237741
TAC014,model_variability,GHQ,01,0.25,0.24503651225227355
TAC014,model_variability,GHQ,10,0.25,0.2885413607196559
TAC014,model_variability,GHQ,11,0.25,0.32183556479032926
TAC014,model_variability,NONMEM,00,0.25,0.1443778795876284
TAC014,model_variability,NONMEM,01,0.25,0.2449557924972486
TAC014,model_variability,NONMEM,10,0.25,0.2885524990178442
TAC014,model_variability,NONMEM,11,0.25,0.3221138288972787
TAC015,model_variability,Laplace,00,0.25,0.20210941499658988
TAC015,model_variability,Laplace,01,0.25,0.24474348061728693
TAC015,model_variability,Laplace,10,0.25,0.2669217214539928
TAC015,model_variability,Laplace,11,0.25,0.2862253829321306
TAC015,model_variability,GHQ,00,0.25,0.20214300534770702
TAC015,model_variability,GHQ,01,0.25,0.2446758686056382
TAC015,model_variability,GHQ,10,0.25,0.2668924578864458
TAC015,model_variability,GHQ,11,0.25,0.286288668160209
TAC015,model_variability,NONMEM,00,0.25,0.20210939670346637
TAC015,model_variability,NONMEM,01,0.25,0.2447433267650447
TAC015,model_variability,NONMEM,10,0.25,0.2669220131126292
TAC015,model_variability,NONMEM,11,0.25,0.2862252634188598
TAC016,model_variability,Laplace,00,0.25,0.1776751204607261
TAC016,model_variability,Laplace,01,0.25,0.24493149043707785
TAC016,model_variability,Laplace,10,0.25,0.27541213644338575
TAC016,model_variability,Laplace,11,0.25,0.3019812526588102
TAC016,model_variability,GHQ,00,0.25,0.17785641706268493
TAC016,model_variability,GHQ,01,0.25,0.24501016642805137
TAC016,model_variability,GHQ,10,0.25,0.27533564104179314
TAC016,model_variability,GHQ,11,0.25,0.30179777546747044
TAC016,model_variability,NONMEM,00,0.25,0.177675114349642
TAC016,model_variability,NONMEM,01,0.25,0.24493156716954276
TAC016,model_variability,NONMEM,10,0.25,0.27541212390735015
TAC016,model_variability,NONMEM,11,0.25,0.30198119457346506
TAC017,model_variability,Laplace,00,0.25,0.17929701712257626
TAC017,model_variability,Laplace,01,0.25,0.2454386555751539
TAC017,model_variability,Laplace,10,0.25,0.27566318505289716
TAC017,model_variability,Laplace,11,0.25,0.29960114224937245
TAC017,model_variability,GHQ,00,0.25,0.17933593409931275
TAC017,model_variability,GHQ,01,0.25,0.24533988545729296
TAC017,model_variability,GHQ,10,0.25,0.27562094263296943
TAC017,model_variability,GHQ,11,0.25,0.2997032378104249
TAC017,model_variability,NONMEM,00,0.25,0.17929702257555005
TAC017,model_variability,NONMEM,01,0.25,0.24543859587003897
TAC017,model_variability,NONMEM,10,0.25,0.2756631987285252
TAC017,model_variability,NONMEM,11,0.25,0.2996011828258857
TAC018,model_variability,Laplace,00,0.25,0.18990795839103375
TAC018,model_variability,Laplace,01,0.25,0.24510052003092497
TAC018,model_variability,Laplace,10,0.25,0.2714538031048421
TAC018,model_variability,Laplace,11,0.25,0.29353771847319954
TAC018,model_variability,GHQ,00,0.25,0.18993028915039667
TAC018,model_variability,GHQ,01,0.25,0.24500176287455053
TAC018,model_variability,GHQ,10,0.25,0.27145501096939945
TAC018,model_variability,GHQ,11,0.25,0.29361293700565333
TAC018,model_variability,NONMEM,00,0.25,0.18990781190147135
TAC018,model_variability,NONMEM,01,0.25,0.2451009159522303
TAC018,model_variability,NONMEM,10,0.25,0.2714535553933444
TAC018,model_variability,NONMEM,11,0.25,0.2935377167529539
TAC019,model_variability,Laplace,00,0.25,0.18439946145391856
TAC019,model_variability,Laplace,01,0.25,0.24646344704240025
TAC019,model_variability,Laplace,10,0.25,0.2738175293653228
TAC019,model_variability,Laplace,11,0.25,0.29531956213835847
TAC019,model_variability,GHQ,00,0.25,0.18484397412431663
TAC019,model_variability,GHQ,01,0.25,0.24659292039462039
TAC019,model_variability,GHQ,10,0.25,0.27379589891921
TAC019,model_variability,GHQ,11,0.25,0.2947672065618531
TAC019,model_variability,NONMEM,00,0.25,0.18439955389928736
TAC019,model_variability,NONMEM,01,0.25,0.24646349302821757
TAC019,model_variability,NONMEM,10,0.25,0.2738174817672975
TAC019,model_variability,NONMEM,11,0.25,0.2953194713051975
TAC020,model_variability,Laplace,00,0.25,0.1783772237234882
TAC020,model_variability,Laplace,01,0.25,0.2451569400363445
TAC020,model_variability,Laplace,10,0.25,0.27552033857538033
TAC020,model_variability,Laplace,11,0.25,0.3009454976647867
TAC020,model_variability,GHQ,00,0.25,0.17848186005780056
TAC020,model_variability,GHQ,01,0.25,0.24513455517398325
TAC020,model_variability,GHQ,10,0.25,0.27550631219268945
TAC020,model_variability,GHQ,11,0.25,0.30087727257552643
TAC020,model_variability,NONMEM,00,0.25,0.17837723342957357
TAC020,model_variability,NONMEM,01,0.25,0.24515691709111936
TAC020,model_variability,NONMEM,10,0.25,0.2755203845288098
TAC020,model_variability,NONMEM,11,0.25,0.3009454649504973
TAC021,model_variability,Laplace,00,0.25,0.17218135616578575
TAC021,model_variability,Laplace,01,0.25,0.24407790296843807
TAC021,model_variability,Laplace,10,0.25,0.27769275005335053
TAC021,model_variability,Laplace,11,0.25,0.30604799081242573
TAC021,model_variability,GHQ,00,0.25,0.17211906239181146
TAC021,model_variability,GHQ,01,0.25,0.24397234659313877
TAC021,model_variability,GHQ,10,0.25,0.2777511368236166
TAC021,model_variability,GHQ,11,0.25,0.3061574541914332
TAC021,model_variability,NONMEM,00,0.25,0.17218131026296793
TAC021,model_variability,NONMEM,01,0.25,0.24407794431889182
TAC021,model_variability,NONMEM,10,0.25,0.2776927213493961
TAC021,model_variability,NONMEM,11,0.25,0.30604802406874426
TAC022,model_variability,Laplace,00,0.25,0.17990459056749727
TAC022,model_variability,Laplace,01,0.25,0.24577141618500142
TAC022,model_variability,Laplace,10,0.25,0.2743334031850393
TAC022,model_variability,Laplace,11,0.25,0.2999905900624621
TAC022,model_variability,GHQ,00,0.25,0.18007304794768145
TAC022,model_variability,GHQ,01,0.25,0.24582484240653513
TAC022,model_variability,GHQ,10,0.25,0.27429322268272366
TAC022,model_variability,GHQ,11,0.25,0.29980888696305974
TAC022,model_variability,NONMEM,00,0.25,0.17990448324670816
TAC022,model_variability,NONMEM,01,0.25,0.2457715563395106
TAC022,model_variability,NONMEM,10,0.25,0.2743333456724108
TAC022,model_variability,NONMEM,11,0.25,0.2999906147413707
TAC023,model_variability,Laplace,00,0.25,0.17638079546829252
TAC023,model_variability,Laplace,01,0.25,0.24436163187310328
TAC023,model_variability,Laplace,10,0.25,0.2765830993576379
TAC023,model_variability,Laplace,11,0.25,0.30267447330096664
TAC023,model_variability,GHQ,00,0.25,0.17642000646297576
TAC023,model_variability,GHQ,01,0.25,0.24425037513883333
TAC023,model_variability,GHQ,10,0.25,0.27664762095499734
TAC023,model_variability,GHQ,11,0.25,0.3026819974431937
TAC023,model_variability,NONMEM,00,0.25,0.17638079183090483
TAC023,model_variability,NONMEM,01,0.25,0.24436163349169307
TAC023,model_variability,NONMEM,10,0.25,0.2765831522515167
TAC023,model_variability,NONMEM,11,0.25,0.30267442242588544
TAC024,candidate_prior,Laplace,00,0.5,0.37208232686766046
TAC024,candidate_prior,Laplace,11,0.5,0.6279176731323393
TAC024,candidate_prior,GHQ,00,0.5,0.37227362550347254
TAC024,candidate_prior,GHQ,11,0.5,0.6277263744965275
TAC024,candidate_prior,NONMEM,00,0.5,0.3720824285344762
TAC024,candidate_prior,NONMEM,11,0.5,0.6279175714655238
TAC025,candidate_prior,Laplace,01,0.5,0.4708293873404239
TAC025,candidate_prior,Laplace,10,0.5,0.5291706126595761
TAC025,candidate_prior,GHQ,01,0.5,0.4708195577953296
TAC025,candidate_prior,GHQ,10,0.5,0.5291804422046705
TAC025,candidate_prior,NONMEM,01,0.5,0.4708289963922694
TAC025,candidate_prior,NONMEM,10,0.5,0.5291710036077305
TAC026,candidate_prior,Laplace,00,0.1,0.06356287020711911
TAC026,candidate_prior,Laplace,01,0.1,0.08737009090149168
TAC026,candidate_prior,Laplace,10,0.1,0.09819625914097167
TAC026,candidate_prior,Laplace,11,0.7,0.7508707797504175
TAC026,candidate_prior,GHQ,00,0.1,0.06360975369238148
TAC026,candidate_prior,GHQ,01,0.1,0.08737496163288473
TAC026,candidate_prior,GHQ,10,0.1,0.09820560779381608
TAC026,candidate_prior,GHQ,11,0.7,0.7508096768809177
TAC026,candidate_prior,NONMEM,00,0.1,0.06356290062661188
TAC026,candidate_prior,NONMEM,01,0.1,0.08736998868026917
TAC026,candidate_prior,NONMEM,10,0.1,0.09819629833633842
TAC026,candidate_prior,NONMEM,11,0.7,0.7508708123567804
TAC027,candidate_prior,Laplace,00,0.7,0.6030847860496432
TAC027,candidate_prior,Laplace,01,0.1,0.11842397120648065
TAC027,candidate_prior,Laplace,10,0.1,0.13309807561269232
TAC027,candidate_prior,Laplace,11,0.1,0.14539316713118391
TAC027,candidate_prior,GHQ,00,0.7,0.6032567802698685
TAC027,candidate_prior,GHQ,01,0.1,0.1183770344532878
TAC027,candidate_prior,GHQ,10,0.1,0.13305057192653807
TAC027,candidate_prior,GHQ,11,0.1,0.14531561335030543
TAC027,candidate_prior,NONMEM,00,0.7,0.6030849483194916
TAC027,candidate_prior,NONMEM,01,0.1,0.11842380784225288
TAC027,candidate_prior,NONMEM,10,0.1,0.1330981008542721
TAC027,candidate_prior,NONMEM,11,0.1,0.1453931429839834
TAC028,candidate_prior,Laplace,00,0.1,0.06607635897323325
TAC028,candidate_prior,Laplace,01,0.2,0.18164999381303543
TAC028,candidate_prior,Laplace,10,0.3,0.3062378042881753
TAC028,candidate_prior,Laplace,11,0.4,0.4460358429255559
TAC028,candidate_prior,GHQ,00,0.1,0.0661216764127738
TAC028,candidate_prior,GHQ,01,0.2,0.18165072506357105
TAC028,candidate_prior,GHQ,10,0.3,0.3062511192166528
TAC028,candidate_prior,GHQ,11,0.4,0.44597647930700235
TAC028,candidate_prior,NONMEM,00,0.1,0.06607639319238824
TAC028,candidate_prior,NONMEM,01,0.2,0.1816497884250095
TAC028,candidate_prior,NONMEM,10,0.3,0.3062379385590422
TAC028,candidate_prior,NONMEM,11,0.4,0.4460358798235601
TAC029,candidate_prior,Laplace,00,0.0,0.0
TAC029,candidate_prior,Laplace,01,0.2,0.17375581506406598
TAC029,candidate_prior,Laplace,10,0.3,0.2929292656199549
TAC029,candidate_prior,Laplace,11,0.5,0.5333149193159792
TAC029,candidate_prior,GHQ,00,0.0,0.0
TAC029,candidate_prior,GHQ,01,0.2,0.1737665137511529
TAC029,candidate_prior,GHQ,10,0.3,0.29295885992220927
TAC029,candidate_prior,GHQ,11,0.5,0.533274626326638
TAC029,candidate_prior,NONMEM,00,0.0,0.0
TAC029,candidate_prior,NONMEM,01,0.2,0.173755622756055
TAC029,candidate_prior,NONMEM,10,0.3,0.2929294010591364
TAC029,candidate_prior,NONMEM,11,0.5,0.5333149761848086
TAC030,candidate_prior,Laplace,000,0.125,0.06578816118354097
TAC030,candidate_prior,Laplace,001,0.125,0.09756767843970676
TAC030,candidate_prior,Laplace,010,0.125,0.10504334690468754
TAC030,candidate_prior,Laplace,011,0.125,0.1341112631638119
TAC030,candidate_prior,Laplace,100,0.125,0.12540193990657142
TAC030,candidate_prior,Laplace,101,0.125,0.15072920803012158
TAC030,candidate_prior,Laplace,110,0.125,0.1567054057593152
TAC030,candidate_prior,Laplace,111,0.125,0.16465299661224467
TAC030,candidate_prior,GHQ,000,0.125,0.06586494858745995
TAC030,candidate_prior,GHQ,001,0.125,0.09763357108116717
TAC030,candidate_prior,GHQ,010,0.125,0.10504904464039301
TAC030,candidate_prior,GHQ,011,0.125,0.13411040108512903
TAC030,candidate_prior,GHQ,100,0.125,0.1253736371403891
TAC030,candidate_prior,GHQ,101,0.125,0.15073418310634118
TAC030,candidate_prior,GHQ,110,0.125,0.1566048558977689
TAC030,candidate_prior,GHQ,111,0.125,0.1646293584613516
TAC030,candidate_prior,NONMEM,000,0.125,0.06578816581432245
TAC030,candidate_prior,NONMEM,001,0.125,0.09756767957445737
TAC030,candidate_prior,NONMEM,010,0.125,0.10504338860115951
TAC030,candidate_prior,NONMEM,011,0.125,0.13411109687443648
TAC030,candidate_prior,NONMEM,100,0.125,0.12540193303974217
TAC030,candidate_prior,NONMEM,101,0.125,0.15072923374122915
TAC030,candidate_prior,NONMEM,110,0.125,0.15670543792719033
TAC030,candidate_prior,NONMEM,111,0.125,0.16465306442746241
TAC031,candidate_prior,Laplace,000,0.027777777777777776,0.013006637216632588
TAC031,candidate_prior,Laplace,001,0.05555555555555555,0.03857920254052694
TAC031,candidate_prior,Laplace,010,0.08333333333333333,0.06230273109770252
TAC031,candidate_prior,Laplace,011,0.1111111111111111,0.1060577778892196
TAC031,candidate_prior,Laplace,100,0.1388888888888889,0.1239628459956711
TAC031,candidate_prior,Laplace,101,0.16666666666666666,0.1787993546129342
TAC031,candidate_prior,Laplace,110,0.19444444444444445,0.21686990913717466
TAC031,candidate_prior,Laplace,111,0.2222222222222222,0.2604215415101385
TAC031,candidate_prior,GHQ,000,0.027777777777777776,0.013023833039308558
TAC031,candidate_prior,GHQ,001,0.05555555555555555,0.03861122967716635
TAC031,candidate_prior,GHQ,010,0.08333333333333333,0.06231574977327912
TAC031,candidate_prior,GHQ,011,0.1111111111111111,0.10607350404278408
TAC031,candidate_prior,GHQ,100,0.1388888888888889,0.12395404176768453
TAC031,candidate_prior,GHQ,101,0.16666666666666666,0.17883291883118346
TAC031,candidate_prior,GHQ,110,0.19444444444444445,0.21676428480839738
TAC031,candidate_prior,GHQ,111,0.2222222222222222,0.2604244380601962
TAC031,candidate_prior,NONMEM,000,0.027777777777777776,0.013006637220671398
TAC031,candidate_prior,NONMEM,001,0.05555555555555555,0.03857920028563566
TAC031,candidate_prior,NONMEM,010,0.08333333333333333,0.0623027514623845
TAC031,candidate_prior,NONMEM,011,0.1111111111111111,0.10605763895198071
TAC031,candidate_prior,NONMEM,100,0.1388888888888889,0.12396283052048264
TAC031,candidate_prior,NONMEM,101,0.16666666666666666,0.178799372582156
TAC031,candidate_prior,NONMEM,110,0.19444444444444445,0.21686993845740754
TAC031,candidate_prior,NONMEM,111,0.2222222222222222,0.2604216305192814
TAC032,dose_history,Laplace,00,0.25,0.09519431154494576
TAC032,dose_history,Laplace,01,0.25,0.1948938360111836
TAC032,dose_history,Laplace,10,0.25,0.2527699030883923
TAC032,dose_history,Laplace,11,0.25,0.4571419493554783
TAC032,dose_history,GHQ,00,0.25,0.09540389954276923
TAC032,dose_history,GHQ,01,0.25,0.19520289233060126
TAC032,dose_history,GHQ,10,0.25,0.2525564119976439
TAC032,dose_history,GHQ,11,0.25,0.45683679612898603
TAC032,dose_history,NONMEM,00,0.25,0.09519429747339737
TAC032,dose_history,NONMEM,01,0.25,0.19489386997795452
TAC032,dose_history,NONMEM,10,0.25,0.25276990709517855
TAC032,dose_history,NONMEM,11,0.25,0.4571419254534697
TAC033,dose_history,Laplace,00,0.25,0.2765480113333817
TAC033,dose_history,Laplace,01,0.25,0.2720805458742942
TAC033,dose_history,Laplace,10,0.25,0.2577122674989312
TAC033,dose_history,Laplace,11,0.25,0.19365917529339283
TAC033,dose_history,GHQ,00,0.25,0.2766193730562735
TAC033,dose_history,GHQ,01,0.25,0.2720580345491463
TAC033,dose_history,GHQ,10,0.25,0.25768302818970457
TAC033,dose_history,GHQ,11,0.25,0.19363956420487538
TAC033,dose_history,NONMEM,00,0.25,0.2765479356345504
TAC033,dose_history,NONMEM,01,0.25,0.2720806252202575
TAC033,dose_history,NONMEM,10,0.25,0.2577122404186453
TAC033,dose_history,NONMEM,11,0.25,0.19365919872654674
TAC034,dose_history,Laplace,00,0.25,0.1856250059718047
TAC034,dose_history,Laplace,01,0.25,0.22225048782423826
TAC034,dose_history,Laplace,10,0.25,0.28676617544262856
TAC034,dose_history,Laplace,11,0.25,0.3053583307613286
TAC034,dose_history,GHQ,00,0.25,0.18571806807286853
TAC034,dose_history,GHQ,01,0.25,0.22227562694694009
TAC034,dose_history,GHQ,10,0.25,0.2867257723020203
TAC034,dose_history,GHQ,11,0.25,0.3052805326781709
TAC034,dose_history,NONMEM,00,0.25,0.1856250026382332
TAC034,dose_history,NONMEM,01,0.25,0.22225054455934454
TAC034,dose_history,NONMEM,10,0.25,0.28676614751775764
TAC034,dose_history,NONMEM,11,0.25,0.3053583052846647
TAC035,dose_history,Laplace,00,0.25,0.1743713494037161
TAC035,dose_history,Laplace,01,0.25,0.239681446076551
TAC035,dose_history,Laplace,10,0.25,0.29528762326401325
TAC035,dose_history,Laplace,11,0.25,0.2906595812557196
TAC035,dose_history,GHQ,00,0.25,0.17448790977762874
TAC035,dose_history,GHQ,01,0.25,0.239678249595998
TAC035,dose_history,GHQ,10,0.25,0.29525044682464946
TAC035,dose_history,GHQ,11,0.25,0.2905833938017238
TAC035,dose_history,NONMEM,00,0.25,0.17437142281063192
TAC035,dose_history,NONMEM,01,0.25,0.239681151850219
TAC035,dose_history,NONMEM,10,0.25,0.29528777477445717
TAC035,dose_history,NONMEM,11,0.25,0.29065965056469206
TAC036,dose_history,Laplace,00,0.25,0.17894090966310622
TAC036,dose_history,Laplace,01,0.25,0.24354915316380743
TAC036,dose_history,Laplace,10,0.25,0.27644012737221507
TAC036,dose_history,Laplace,11,0.25,0.3010698098008712
TAC036,dose_history,GHQ,00,0.25,0.1790339795958912
TAC036,dose_history,GHQ,01,0.25,0.24353607796717594
TAC036,dose_history,GHQ,10,0.25,0.2764063647689611
TAC036,dose_history,GHQ,11,0.25,0.3010235776679715
TAC036,dose_history,NONMEM,00,0.25,0.17894103668641637
TAC036,dose_history,NONMEM,01,0.25,0.24354892998185576
TAC036,dose_history,NONMEM,10,0.25,0.2764402848897869
TAC036,dose_history,NONMEM,11,0.25,0.30106974844194084
TAC037,dose_history,Laplace,00,0.25,0.17771816305737978
TAC037,dose_history,Laplace,01,0.25,0.24688971796837697
TAC037,dose_history,Laplace,10,0.25,0.2745511449809478
TAC037,dose_history,Laplace,11,0.25,0.30084097399329546
TAC037,dose_history,GHQ,00,0.25,0.1778358571798078
TAC037,dose_history,GHQ,01,0.25,0.2468618867816437
TAC037,dose_history,GHQ,10,0.25,0.27455661165323786
TAC037,dose_history,GHQ,11,0.25,0.3007456443853105
TAC037,dose_history,NONMEM,00,0.25,0.1777181318394061
TAC037,dose_history,NONMEM,01,0.25,0.24688955813501665
TAC037,dose_history,NONMEM,10,0.25,0.27455108528855976
TAC037,dose_history,NONMEM,11,0.25,0.3008412247370174
TAC038,dose_history,Laplace,00,0.25,0.18080561086335556
TAC038,dose_history,Laplace,01,0.25,0.24852563462217306
TAC038,dose_history,Laplace,10,0.25,0.26915810061351614
TAC038,dose_history,Laplace,11,0.25,0.30151065390095544
TAC038,dose_history,GHQ,00,0.25,0.18094452301469383
TAC038,dose_history,GHQ,01,0.25,0.2485471148425947
TAC038,dose_history,GHQ,10,0.25,0.2691472495316506
TAC038,dose_history,GHQ,11,0.25,0.301361112611061
TAC038,dose_history,NONMEM,00,0.25,0.1808057990474255
TAC038,dose_history,NONMEM,01,0.25,0.24852531813657774
TAC038,dose_history,NONMEM,10,0.25,0.26915820921144423
TAC038,dose_history,NONMEM,11,0.25,0.30151067360455264
TAC039,dose_history,Laplace,00,0.25,0.17515728541924147
TAC039,dose_history,Laplace,01,0.25,0.24076175130656116
TAC039,dose_history,Laplace,10,0.25,0.2855266803905145
TAC039,dose_history,Laplace,11,0.25,0.2985542828836829
TAC039,dose_history,GHQ,00,0.25,0.17516336657982423
TAC039,dose_history,GHQ,01,0.25,0.24060606347281188
TAC039,dose_history,GHQ,10,0.25,0.28553189935482975
TAC039,dose_history,GHQ,11,0.25,0.2986986705925341
TAC039,dose_history,NONMEM,00,0.25,0.1751573997292673
TAC039,dose_history,NONMEM,01,0.25,0.2407614097863255
TAC039,dose_history,NONMEM,10,0.25,0.2855268487245341
TAC039,dose_history,NONMEM,11,0.25,0.2985543417598732
TAC040,dose_history,Laplace,00,0.25,0.17615187645661223
TAC040,dose_history,Laplace,01,0.25,0.24527773042961484
TAC040,dose_history,Laplace,10,0.25,0.27640222576692014
TAC040,dose_history,Laplace,11,0.25,0.30216816734685253
TAC040,dose_history,GHQ,00,0.25,0.17631906744880843
TAC040,dose_history,GHQ,01,0.25,0.2452991514209818
TAC040,dose_history,GHQ,10,0.25,0.2763637816663342
TAC040,dose_history,GHQ,11,0.25,0.3020179994638757
TAC040,dose_history,NONMEM,00,0.25,0.17615186498666163
TAC040,dose_history,NONMEM,01,0.25,0.24527771127531026
TAC040,dose_history,NONMEM,10,0.25,0.2764022500409628
TAC040,dose_history,NONMEM,11,0.25,0.3021681736970654
TAC041,dose_history,Laplace,00,0.25,0.1783558036718042
TAC041,dose_history,Laplace,01,0.25,0.2451502987688224
TAC041,dose_history,Laplace,10,0.25,0.27552404166315064
TAC041,dose_history,Laplace,11,0.25,0.30096985589622277
TAC041,dose_history,GHQ,00,0.25,0.17846949081419666
TAC041,dose_history,GHQ,01,0.25,0.24512939773427114
TAC041,dose_history,GHQ,10,0.25,0.2755078465969217
TAC041,dose_history,GHQ,11,0.25,0.30089326485461043
TAC041,dose_history,NONMEM,00,0.25,0.17835581745733214
TAC041,dose_history,NONMEM,01,0.25,0.2451499602731288
TAC041,dose_history,NONMEM,10,0.25,0.2755242666228758
TAC041,dose_history,NONMEM,11,0.25,0.30096995564666323
TAC042,dose_history,Laplace,00,0.25,0.0
TAC042,dose_history,Laplace,01,0.25,1.1463680236437147e-33
TAC042,dose_history,Laplace,10,0.25,1.3007533705827878e-20
TAC042,dose_history,Laplace,11,0.25,1.0
TAC042,dose_history,GHQ,00,0.25,0.0
TAC042,dose_history,GHQ,01,0.25,1.3287056628872978e-33
TAC042,dose_history,GHQ,10,0.25,1.5863792998992057e-20
TAC042,dose_history,GHQ,11,0.25,1.0
TAC042,dose_history,NONMEM,00,0.25,0.0
TAC042,dose_history,NONMEM,01,0.25,1.1463692170804008e-33
TAC042,dose_history,NONMEM,10,0.25,1.3007582129111161e-20
TAC042,dose_history,NONMEM,11,0.25,1.0
TAC043,dose_history,Laplace,00,0.25,0.259133027811178
TAC043,dose_history,Laplace,01,0.25,0.25653549736358144
TAC043,dose_history,Laplace,10,0.25,0.25572999012233505
TAC043,dose_history,Laplace,11,0.25,0.22860148470290573
TAC043,dose_history,GHQ,00,0.25,0.25924791561778765
TAC043,dose_history,GHQ,01,0.25,0.2565916782842081
TAC043,dose_history,GHQ,10,0.25,0.25564242995218706
TAC043,dose_history,GHQ,11,0.25,0.22851797614581737
TAC043,dose_history,NONMEM,00,0.25,0.25913300025537167
TAC043,dose_history,NONMEM,01,0.25,0.25653556181819653
TAC043,dose_history,NONMEM,10,0.25,0.25572993164745467
TAC043,dose_history,NONMEM,11,0.25,0.22860150627897724
TAC044,observation,Laplace,00,0.25,0.2541258146512806
TAC044,observation,Laplace,01,0.25,0.31597665616089415
TAC044,observation,Laplace,10,0.25,0.26237143347969205
TAC044,observation,Laplace,11,0.25,0.16752609570813345
TAC044,observation,GHQ,00,0.25,0.253236629059375
TAC044,observation,GHQ,01,0.25,0.31473452088965204
TAC044,observation,GHQ,10,0.25,0.2636692159835086
TAC044,observation,GHQ,11,0.25,0.16835963406746424
TAC044,observation,NONMEM,00,0.25,0.25412571934390465
TAC044,observation,NONMEM,01,0.25,0.31597658547317065
TAC044,observation,NONMEM,10,0.25,0.2623715266323326
TAC044,observation,NONMEM,11,0.25,0.1675261685505923
TAC045,observation,Laplace,00,0.25,0.3235839215483645
TAC045,observation,Laplace,01,0.25,0.4067544040999082
TAC045,observation,Laplace,10,0.25,0.17496003694177184
TAC045,observation,Laplace,11,0.25,0.0947016374099554
TAC045,observation,GHQ,00,0.25,0.32351642544500764
TAC045,observation,GHQ,01,0.25,0.4064284462166345
TAC045,observation,GHQ,10,0.25,0.17535792405327985
TAC045,observation,GHQ,11,0.25,0.09469720428507804
TAC045,observation,NONMEM,00,0.25,0.32358386701786107
TAC045,observation,NONMEM,01,0.25,0.4067544522682647
TAC045,observation,NONMEM,10,0.25,0.17496005697037734
TAC045,observation,NONMEM,11,0.25,0.09470162374349698
TAC046,observation,Laplace,00,0.25,0.2614090572249326
TAC046,observation,Laplace,01,0.25,0.3351104388252964
TAC046,observation,Laplace,10,0.25,0.24768419536733483
TAC046,observation,Laplace,11,0.25,0.15579630858243632
TAC046,observation,GHQ,00,0.25,0.2647801288573416
TAC046,observation,GHQ,01,0.25,0.33918944757988617
TAC046,observation,GHQ,10,0.25,0.2429196699911344
TAC046,observation,GHQ,11,0.25,0.15311075357163786
TAC046,observation,NONMEM,00,0.25,0.2614090829661353
TAC046,observation,NONMEM,01,0.25,0.33511040887209304
TAC046,observation,NONMEM,10,0.25,0.24768419769098268
TAC046,observation,NONMEM,11,0.25,0.1557963104707891
TAC047,observation,Laplace,00,0.25,0.18808089045920084
TAC047,observation,Laplace,01,0.25,0.25004845182651814
TAC047,observation,Laplace,10,0.25,0.29194991740641096
TAC047,observation,Laplace,11,0.25,0.26992074030787017
TAC047,observation,GHQ,00,0.25,0.187806371746453
TAC047,observation,GHQ,01,0.25,0.24950204915694174
TAC047,observation,GHQ,10,0.25,0.29224007050942447
TAC047,observation,GHQ,11,0.25,0.270451508587181
TAC047,observation,NONMEM,00,0.25,0.18808089538850706
TAC047,observation,NONMEM,01,0.25,0.2500485526507588
TAC047,observation,NONMEM,10,0.25,0.2919498587890283
TAC047,observation,NONMEM,11,0.25,0.2699206931717059
TAC048,observation,Laplace,00,0.25,0.1634446043175357
TAC048,observation,Laplace,01,0.25,0.24239787691083947
TAC048,observation,Laplace,10,0.25,0.2609704840834129
TAC048,observation,Laplace,11,0.25,0.33318703468821187
TAC048,observation,GHQ,00,0.25,0.16357542690850996
TAC048,observation,GHQ,01,0.25,0.24247271747274818
TAC048,observation,GHQ,10,0.25,0.2608890265900089
TAC048,observation,GHQ,11,0.25,0.33306282902873297
TAC048,observation,NONMEM,00,0.25,0.16344472761536225
TAC048,observation,NONMEM,01,0.25,0.24239803968528553
TAC048,observation,NONMEM,10,0.25,0.2609706267171903
TAC048,observation,NONMEM,11,0.25,0.33318660598216193
TAC049,observation,Laplace,00,0.25,0.10471781168584011
TAC049,observation,Laplace,01,0.25,0.1946015526060594
TAC049,observation,Laplace,10,0.25,0.3533638533006464
TAC049,observation,Laplace,11,0.25,0.3473167824074543
TAC049,observation,GHQ,00,0.25,0.10385698332933405
TAC049,observation,GHQ,01,0.25,0.19289120672467439
TAC049,observation,GHQ,10,0.25,0.3547047302707714
TAC049,observation,GHQ,11,0.25,0.3485470796752199
TAC049,observation,NONMEM,00,0.25,0.10471774800788264
TAC049,observation,NONMEM,01,0.25,0.19460159121546453
TAC049,observation,NONMEM,10,0.25,0.3533639368068272
TAC049,observation,NONMEM,11,0.25,0.34731672396982566
TAC050,observation,Laplace,00,0.25,0.10751893882299153
TAC050,observation,Laplace,01,0.25,0.18201390804044243
TAC050,observation,Laplace,10,0.25,0.3526295419272425
TAC050,observation,Laplace,11,0.25,0.357837611209323
TAC050,observation,GHQ,00,0.25,0.10896072946974591
TAC050,observation,GHQ,01,0.25,0.18451756357485305
TAC050,observation,GHQ,10,0.25,0.34984105622165235
TAC050,observation,GHQ,11,0.25,0.3566806507337483
TAC050,observation,NONMEM,00,0.25,0.10751895451224698
TAC050,observation,NONMEM,01,0.25,0.18201396065358713
TAC050,observation,NONMEM,10,0.25,0.35262946604417
TAC050,observation,NONMEM,11,0.25,0.3578376187899959
TAC051,observation,Laplace,00,0.25,0.10629627471937048
TAC051,observation,Laplace,01,0.25,0.2019914342127832
TAC051,observation,Laplace,10,0.25,0.3552264251769377
TAC051,observation,Laplace,11,0.25,0.33648586589090856
TAC051,observation,GHQ,00,0.25,0.10511843468604065
TAC051,observation,GHQ,01,0.25,0.1997725716174136
TAC051,observation,GHQ,10,0.25,0.35695519974291495
TAC051,observation,GHQ,11,0.25,0.3381537939536312
TAC051,observation,NONMEM,00,0.25,0.10629627157698346
TAC051,observation,NONMEM,01,0.25,0.2019913687651743
TAC051,observation,NONMEM,10,0.25,0.3552265289366875
TAC051,observation,NONMEM,11,0.25,0.3364858307211548
TAC052,observation,Laplace,00,0.25,0.37308026865248267
TAC052,observation,Laplace,01,0.25,0.2780758873148281
TAC052,observation,Laplace,10,0.25,0.22255720687595407
TAC052,observation,Laplace,11,0.25,0.1262866371567353
TAC052,observation,GHQ,00,0.25,0.3730942058293323
TAC052,observation,GHQ,01,0.25,0.2781614519099484
TAC052,observation,GHQ,10,0.25,0.22243078386456977
TAC052,observation,GHQ,11,0.25,0.1263135583961497
TAC052,observation,NONMEM,00,0.25,0.373080261842234
TAC052,observation,NONMEM,01,0.25,0.2780759337602188
TAC052,observation,NONMEM,10,0.25,0.2225571783307174
TAC052,observation,NONMEM,11,0.25,0.12628662606682997
TAC053,observation,Laplace,00,0.25,0.21701081875069195
TAC053,observation,Laplace,01,0.25,0.25888340878541144
TAC053,observation,Laplace,10,0.25,0.27188159604063644
TAC053,observation,Laplace,11,0.25,0.25222417642326017
TAC053,observation,GHQ,00,0.25,0.21709884811113372
TAC053,observation,GHQ,01,0.25,0.25883751689682977
TAC053,observation,GHQ,10,0.25,0.2718834998935726
TAC053,observation,GHQ,11,0.25,0.2521801350984638
TAC053,observation,NONMEM,00,0.25,0.21701074227674766
TAC053,observation,NONMEM,01,0.25,0.25888339302456975
TAC053,observation,NONMEM,10,0.25,0.271881529469548
TAC053,observation,NONMEM,11,0.25,0.2522243352291347
TAC054,observation,Laplace,00,0.25,0.11964497907399771
TAC054,observation,Laplace,01,0.25,0.21346060110711151
TAC054,observation,Laplace,10,0.25,0.26606542269156735
TAC054,observation,Laplace,11,0.25,0.4008289971273236
TAC054,observation,GHQ,00,0.25,0.11980941090515232
TAC054,observation,GHQ,01,0.25,0.21360553195374013
TAC054,observation,GHQ,10,0.25,0.2659348357525918
TAC054,observation,GHQ,11,0.25,0.4006502213885159
TAC054,observation,NONMEM,00,0.25,0.11964496467219911
TAC054,observation,NONMEM,01,0.25,0.21346058806188975
TAC054,observation,NONMEM,10,0.25,0.26606538058815987
TAC054,observation,NONMEM,11,0.25,0.4008290666777513
TAC055,observation,Laplace,00,0.25,0.048502317036012814
TAC055,observation,Laplace,01,0.25,0.09385135228029653
TAC055,observation,Laplace,10,0.25,0.45496453356121536
TAC055,observation,Laplace,11,0.25,0.4026817971224756
TAC055,observation,GHQ,00,0.25,0.04803854822550822
TAC055,observation,GHQ,01,0.25,0.09289346770076588
TAC055,observation,GHQ,10,0.25,0.45583119306831343
TAC055,observation,GHQ,11,0.25,0.40323679100541215
TAC055,observation,NONMEM,00,0.25,0.048502314324278116
TAC055,observation,NONMEM,01,0.25,0.09385135569107211
TAC055,observation,NONMEM,10,0.25,0.4549645659169178
TAC055,observation,NONMEM,11,0.25,0.402681764067732
TAC056,observation,Laplace,00,0.25,0.22410452129746042
TAC056,observation,Laplace,01,0.25,0.27589547870253966
TAC056,observation,Laplace,10,0.25,0.22410452129746042
TAC056,observation,Laplace,11,0.25,0.27589547870253966
TAC056,observation,GHQ,00,0.25,0.22413067856925972
TAC056,observation,GHQ,01,0.25,0.2758693214307402
TAC056,observation,GHQ,10,0.25,0.22413067856925972
TAC056,observation,GHQ,11,0.25,0.2758693214307402
TAC056,observation,NONMEM,00,0.25,0.22410443710943007
TAC056,observation,NONMEM,01,0.25,0.2758955628905699
TAC056,observation,NONMEM,10,0.25,0.22410443710943007
TAC056,observation,NONMEM,11,0.25,0.2758955628905699
