@ID,TIME,AMT,DV,EVID,MDV,CMT,DSEQ,OBSIX,STATE,ECL,EV1
1,0,5,0,1,1,1,0,0,1,0,0
1,12,5,0,1,1,1,0,0,1,0,0
1,24,5,0,1,1,1,0,0,1,0,0
1,36,5,0,1,1,1,0,0,1,0,0
1,48,5,0,1,1,1,0,0,1,0,0
1,60,5,0,1,1,1,0,0,1,0,0
1,72,5,0,1,1,1,0,0,1,0,0
1,84,5,0,1,1,1,0,0,1,0,0
1,96,5,0,1,1,1,0,0,1,0,0
1,108,5,0,1,1,1,0,0,1,0,0
1,120,5,0,1,1,1,0,0,1,0,0
1,132,5,0,1,1,1,0,0,1,0,0
1,144,5,0,1,1,1,0,0,1,0,0
1,156,5,0,1,1,1,0,0,1,0,0
1,168,5,0,1,1,1,0,0,1,0,0
1,180,5,0,1,1,1,0,0,1,0,0
1,192,5,0,1,1,1,0,0,1,0,0
1,204,5,0,1,1,1,0,0,1,0,0
1,216,5,0,1,1,1,0,0,1,0,0
1,228,5,0,1,1,1,0,0,1,0,0
1,240,5,0,1,1,1,0,0,1,0,0
1,252,5,0,1,1,1,0,0,1,0,0
1,264,5,0,1,1,1,0,0,1,0,0
1,276,5,0,1,1,1,0,0,1,0,0
1,288,5,0,1,1,1,0,0,1,0,0
1,300,5,0,1,1,1,0,0,1,0,0
1,312,5,0,1,1,1,0,0,1,0,0
1,324,5,0,1,1,1,0,0,1,0,0
1,336,5,0,1,1,1,0,0,1,0,0
1,348,5,0,1,1,1,0,0,1,0,0
1,360,5,0,1,1,1,0,0,1,0,0
1,372,5,0,1,1,1,0,0,1,0,0
1,384,5,0,1,1,1,0,0,1,0,0
1,396,5,0,1,1,1,0,0,1,0,0
1,408,5,0,1,1,1,0,0,1,0,0
1,420,5,0,1,1,1,0,0,1,0,0
1,432,5,0,1,1,1,0,0,1,0,0
1,444,5,0,1,1,1,0,0,1,0,0
1,456,5,0,1,1,1,0,0,1,0,0
1,468,5,0,1,1,1,0,0,1,0,0
1,480,5,0,1,1,1,0,0,1,0,0
1,492,5,0,1,1,1,0,0,1,0,0
1,504,5,0,1,1,1,0,0,1,0,0
1,516,5,0,1,1,1,0,0,1,0,0
1,528,5,0,1,1,1,0,0,1,0,0
1,540,5,0,1,1,1,0,0,1,0,0
1,552,5,0,1,1,1,0,0,1,0,0
1,564,5,0,1,1,1,0,0,1,0,0
1,576,5,0,1,1,1,0,0,1,0,0
1,588,5,0,1,1,1,0,0,1,0,0
1,600,5,0,1,1,1,0,0,1,0,0
1,612,5,0,1,1,1,0,0,1,0,0
1,624,5,0,1,1,1,0,0,1,0,0
1,636,5,0,1,1,1,0,0,1,0,0
1,648,5,0,1,1,1,0,0,1,0,0
1,660,5,0,1,1,1,0,0,1,0,0
1,672,5,0,1,1,1,0,0,1,0,0
1,684,5,0,1,1,1,0,0,1,0,0
1,696,5,0,1,1,1,0,0,1,0,0
1,708,5,0,1,1,1,0,0,1,0,0
1,720,5,0,1,1,1,0,0,1,0,0
1,732,5,0,1,1,1,0,0,1,0,0
1,744,5,0,1,1,1,0,0,1,0,0
1,756,5,0,1,1,1,0,0,1,0,0
1,768,5,0,1,1,1,0,0,1,0,0
1,780,5,0,1,1,1,0,0,1,0,0
1,792,5,0,1,1,1,0,0,1,0,0
1,804,5,0,1,1,1,0,0,1,0,0
1,816,5,0,1,1,1,0,0,1,0,0
1,828,5,0,1,1,1,0,0,1,0,0
1,840,5,0,1,1,1,0,0,1,0,0
1,852,5,0,1,1,1,0,0,1,0,0
1,864,5,0,1,1,1,0,0,1,0,0
1,876,5,0,1,1,1,0,0,1,0,0
1,888,5,0,1,1,1,0,0,1,0,0
1,900,5,0,1,1,1,0,0,1,0,0
1,912,5,0,1,1,1,0,0,1,0,0
1,924,5,0,1,1,1,0,0,1,0,0
1,936,5,0,1,1,1,0,0,1,0,0
1,948,5,0,1,1,1,0,0,1,0,0
1,960,5,0,1,1,1,0,0,1,0,0
1,972,5,0,1,1,1,0,0,1,0,0
1,984,5,0,1,1,1,0,0,1,0,0
1,996,5,0,1,1,1,0,0,1,0,0
1,1008,5,0,1,1,1,0,0,1,0,0
1,1020,5,0,1,1,1,0,0,1,0,0
1,1032,5,0,1,1,1,0,0,1,0,0
1,1044,5,0,1,1,1,0,0,1,0,0
1,1056,5,0,1,1,1,0,0,1,0,0
1,1068,5,0,1,1,1,0,0,1,0,0
1,1080,5,0,1,1,1,0,0,1,0,0
1,1092,5,0,1,1,1,0,0,1,0,0
1,1104,5,0,1,1,1,0,0,1,0,0
1,1116,5,0,1,1,1,0,0,1,0,0
1,1128,5,0,1,1,1,0,0,1,0,0
1,1140,5,0,1,1,1,0,0,1,0,0
1,1152,5,0,1,1,1,0,0,1,0,0
1,1164,5,0,1,1,1,0,0,1,0,0
1,1176,5,0,1,1,1,0,0,1,0,0
1,1188,5,0,1,1,1,0,0,1,0,0
1,1200,5,0,1,1,1,0,0,1,0,0
1,1212,5,0,1,1,1,0,0,1,0,0
1,1224,5,0,1,1,1,0,0,1,0,0
1,1236,5,0,1,1,1,0,0,1,0,0
1,1248,5,0,1,1,1,0,0,1,0,0
1,1260,5,0,1,1,1,0,0,1,0,0
1,1272,5,0,1,1,1,0,0,1,0,0
1,1284,5,0,1,1,1,0,0,1,0,0
1,1296,5,0,1,1,1,0,0,1,0,0
1,1308,5,0,1,1,1,0,0,1,0,0
1,1320,5,0,1,1,1,0,0,1,0,0
1,1332,5,0,1,1,1,0,0,1,0,0
1,1344,5,0,1,1,1,0,0,1,0,0
1,1356,5,0,1,1,1,0,0,1,0,0
1,1368,5,0,1,1,1,0,0,1,0,0
1,1380,5,0,1,1,1,0,0,1,0,0
1,1392,5,0,1,1,1,0,0,1,0,0
1,1404,5,0,1,1,1,0,0,1,0,0
1,1416,5,0,1,1,1,0,0,1,0,0
1,1428,5,0,1,1,1,0,0,1,0,0
1,1440,5,0,1,1,1,1,0,1,0,0
1,1452,5,0,1,1,1,2,0,1,0,0
1,1464,0,12,0,0,2,0,1,1,0,0
